name, mobile
Sam Hodges,(932) 758-1000
Bradley Manning,(527) 859-6599
Miguel James,(938) 643-1270
Todd Hoffman,(219) 696-2985
Nell Clayton,(784) 316-3221
Florence White,(354) 264-6228
Gabriel Johnson,(605) 753-1794
Nina Carson,(926) 364-7778
Leonard Pena,(352) 671-1109
Ina Zimmerman,(431) 795-4503
Shane McBride,(262) 457-8376
Jesse Daniels,(445) 476-8053
Lawrence Diaz,(724) 281-5542
Lucile Wallace,(714) 578-1221
Gertrude Casey,(710) 457-9445
Eleanor Ford,(686) 562-1323
Leah Price,(632) 389-3228
Rosalie Rodriguez,(573) 837-8401
Hunter Wells,(868) 694-9383
Kathryn Stevenson,(454) 561-6457
Travis Powell,(210) 779-2383
Roxie Love,(409) 515-2435
Rhoda Bryant,(283) 264-3976
Lester Malone,(215) 972-1642
Arthur Lucas,(688) 437-9606
Eula Stevens,(664) 939-6842
Vernon Stephens,(304) 542-5412
Estella Carlson,(272) 872-1076
Miguel Marsh,(408) 267-8811
Clara Harris,(909) 846-4999
Aaron George,(872) 427-4994
Johnny Miles,(739) 334-9874
Mayme French,(269) 512-1946
Teresa Olson,(587) 500-6644
Angel Barnett,(909) 535-6596
Lilly Patrick,(902) 783-2650
Viola Harrington,(835) 699-3849
Etta Miles,(945) 242-1889
James Hampton,(737) 742-4170
Jose McDonald,(864) 925-6362
Alan Berry,(379) 261-1416
Todd Holland,(275) 657-8651
Anne Bush,(481) 839-1667
Rebecca Vasquez,(623) 805-7984
Corey Lewis,(751) 637-9518
Don Ray,(630) 379-4007
Bessie Murray,(851) 682-8951
Trevor Clarke,(955) 538-4363
Harry Alvarado,(485) 944-2364
Bernice Meyer,(454) 456-9075
Glen Wallace,(544) 506-9220
Philip Pittman,(378) 331-4520
Essie Higgins,(867) 764-9501
Della Paul,(282) 442-4698
Nelle Murphy,(489) 823-8905
Gregory Shaw,(432) 939-3321
Teresa May,(667) 378-5048
Jorge Underwood,(325) 214-5813
Isaiah Frank,(983) 547-7952
Jeremy Craig,(258) 564-3970
Rebecca Bishop,(678) 510-5167
Polly Coleman,(315) 730-6034
Donald Willis,(456) 771-2104
Jeanette Bush,(919) 701-4081
Lee Griffith,(341) 277-2547
Mamie Bush,(818) 907-2310
Jared Hicks,(888) 968-9036
Hulda Thompson,(921) 345-8666
Adeline Sherman,(704) 748-8757
Bettie Greer,(982) 243-9214
Cody Wilson,(828) 859-6883
Mabel Vega,(720) 799-1174
Micheal Manning,(483) 228-2450
Millie Young,(665) 249-4918
Callie Warren,(741) 901-9947
Nathan Nichols,(919) 752-2354
Winnie Manning,(571) 582-6902
Sue Moran,(470) 248-4639
Virginia Baker,(635) 609-2703
Charlotte Harmon,(261) 832-6531
Floyd Reyes,(500) 564-5719
Leroy Underwood,(955) 721-6405
Matthew Gray,(558) 281-7976
Don Cooper,(947) 290-3704
Esther Jordan,(782) 273-8909
Angel Anderson,(969) 879-5777
Cole Pittman,(973) 981-4072
Tillie Powell,(903) 440-7101
Craig Logan,(702) 281-5606
Owen Garner,(986) 781-5766
Genevieve McKenzie,(781) 842-6868
Alvin Reed,(964) 595-3833
Leona Dixon,(946) 296-4192
Celia Smith,(268) 690-5180
Randy Hicks,(516) 567-6092
Jim Rice,(588) 341-3469
Angel Rowe,(613) 810-3908
Eugene Summers,(222) 396-1290
Caroline Montgomery,(338) 647-4258
Bertha Little,(639) 239-5353
Ivan White,(218) 797-2663
Hettie Mann,(844) 777-1679
Ophelia Diaz,(229) 425-2636
Lucille Frank,(225) 564-7771
Susie Vargas,(325) 488-1894
Hester Gilbert,(835) 449-9021
Josephine Colon,(337) 594-5224
Essie Hernandez,(582) 738-9520
Fanny Cruz,(267) 668-9800
Cory Mills,(754) 969-8526
Marc Wong,(709) 708-1847
Catherine Collins,(453) 415-8676
Henrietta Ross,(803) 810-3317
Carolyn Haynes,(430) 918-4268
Birdie Goodwin,(385) 893-5064
Nathan Washington,(447) 958-7454
Edgar Burke,(760) 361-2357
Gerald Gibbs,(463) 839-1757
Ronald Adams,(647) 439-2011
David Wagner,(534) 642-8756
Minerva Robbins,(773) 883-8736
Phillip Pratt,(515) 808-4452
Della Larson,(670) 947-7964
Lou Harris,(748) 801-3261
Marvin Shelton,(930) 704-7749
Carlos Christensen,(664) 932-8990
Adeline Miller,(649) 318-8593
Marian Gonzales,(972) 575-3774
Alexander Padilla,(269) 680-9359
Richard Meyer,(573) 511-3453
Clayton Lamb,(365) 275-5617
Louisa Ferguson,(806) 291-4376
May Sandoval,(506) 853-5861
Cordelia Harrington,(507) 231-5373
Mittie Gutierrez,(608) 561-6095
Janie Bradley,(932) 253-7843
Hettie Obrien,(748) 246-5161
Carlos Lucas,(318) 849-3429
Nancy Henderson,(404) 317-3445
Douglas Harris,(623) 821-8598
Dean Willis,(206) 548-3534
Dale Vargas,(953) 444-9778
Bradley Hubbard,(952) 381-6454
Lilly Moody,(681) 328-7830
Leo Ball,(614) 871-6693
William Page,(556) 298-5525
Carl Gomez,(346) 362-1835
Loretta Francis,(469) 281-9060
Rose Garcia,(774) 972-1367
Christina Baker,(448) 784-3381
Manuel Myers,(506) 700-1816
William Reese,(413) 977-2174
Aiden Frazier,(485) 696-7549
Charlie Hanson,(905) 772-4403
Polly Fleming,(485) 317-1971
Lucille Foster,(977) 437-1627
Edwin Paul,(374) 794-7052
Kenneth Sutton,(328) 552-5528
Olive Welch,(614) 431-9944
Jean Snyder,(409) 878-3340
Amy Soto,(374) 523-3538
Lily Woods,(240) 323-3839
Rebecca Hines,(278) 740-7756
Ruby Francis,(669) 401-3552
Franklin Harrison,(458) 379-7424
Willie Schultz,(369) 784-2444
Effie Perez,(822) 514-9618
Belle Swanson,(434) 562-6727
Jason Howell,(274) 576-9165
Jeff Blair,(553) 737-9559
Glen Hampton,(713) 774-3002
Frederick James,(215) 469-5947
Madge Warren,(776) 856-8882
Cordelia Powers,(315) 501-2977
Louise Berry,(977) 421-9930
Anthony Goodwin,(268) 626-1864
Florence Park,(358) 608-8058
Connor Mitchell,(610) 926-7465
Caleb Abbott,(565) 333-6840
Rose Alvarado,(357) 272-8659
Seth Tyler,(830) 303-2028
Richard Valdez,(872) 579-1491
Bettie Lloyd,(744) 536-8980
Jessie Sanchez,(208) 412-5157
Claudia Daniels,(730) 365-4964
Lawrence Mills,(758) 221-4044
William Bryan,(788) 816-4515
Charles Pena,(983) 883-5553
Sam Torres,(206) 596-7882
Lula Pena,(664) 724-4574
Julia Sullivan,(746) 686-3920
Millie Day,(838) 844-4618
Daisy Hall,(215) 839-3056
Tyler Ortega,(538) 735-2181
Ricky Martinez,(465) 430-7515
Allie Adams,(619) 340-8902
Winnie Arnold,(484) 259-1050
Ian Kelly,(827) 379-2950
Josephine Brock,(404) 936-8489
Catherine Payne,(720) 618-1675
Betty Schwartz,(762) 984-7392
Jeffery Cooper,(401) 999-1971
Walter Carter,(880) 381-1898
Floyd Wolfe,(777) 731-5741
Millie Moore,(239) 401-6324
Sallie Jones,(727) 578-5707
Hester Craig,(859) 582-6710
Leroy Luna,(251) 772-2767
Katherine Peterson,(577) 758-1993
Eula Green,(545) 730-1922
Steven Page,(335) 469-5356
Beatrice James,(587) 622-3594
Don Richardson,(511) 660-9541
Mae Fox,(849) 988-2213
Floyd Bates,(714) 564-1204
Aiden Webb,(473) 656-5613
Irene Clayton,(432) 768-7919
Anne Becker,(688) 803-7658
Julia Doyle,(937) 985-1243
Cory Houston,(402) 606-4933
Jorge Chambers,(869) 877-2295
Helena Vasquez,(484) 464-4858
Edith Adams,(838) 409-1881
Clayton Maxwell,(623) 242-8556
Bettie Fowler,(852) 313-7246
Jessie Mack,(928) 378-5370
Sara Carroll,(943) 523-2487
Susan Allen,(580) 570-8213
Floyd Cooper,(965) 751-1588
Amelia Byrd,(738) 920-9903
Tom Byrd,(344) 469-1173
Lola Morris,(920) 910-4894
Erik Munoz,(578) 814-2005
Nellie Castro,(661) 738-5250
Donald Bishop,(989) 856-7105
Lucile Christensen,(917) 692-2973
Leroy Harrington,(228) 624-7067
Bettie Harper,(324) 777-8103
Richard Rodgers,(436) 693-6850
Leona Bryan,(287) 213-1019
Noah Garrett,(522) 927-4781
Dean Steele,(781) 320-4564
Henry Ramirez,(500) 518-6068
Rachel Turner,(945) 234-9790
Ruby Harris,(583) 376-9435
Lucy Byrd,(946) 669-8537
Mabelle Harrison,(838) 702-4666
Helen Lowe,(377) 847-5810
Harold Mitchell,(630) 529-2746
Elijah Jenkins,(347) 919-1188
Stanley Caldwell,(716) 711-1219
Mollie Doyle,(967) 568-1729
Eleanor Hanson,(765) 428-8595
Manuel Abbott,(684) 972-5663
Garrett Hunter,(366) 623-6638
Lora Santos,(679) 821-4405
Joshua Howell,(449) 402-7228
Blanche McBride,(840) 779-6789
Tyler Haynes,(951) 913-8558
Cory Houston,(718) 727-1341
Sadie Palmer,(259) 609-4801
Violet Goodwin,(813) 503-7126
Trevor Reeves,(217) 633-1312
James Watts,(902) 376-4561
Ethan Andrews,(747) 488-6126
Albert Griffith,(331) 826-1339
Elva Young,(777) 532-2332
Jennie Cohen,(261) 349-6742
Verna Sharp,(766) 803-9974
Lizzie Ross,(281) 279-7949
Allen Schwartz,(513) 373-2372
Adrian Newman,(666) 324-3632
Jim Daniel,(718) 925-9365
Charlie Pope,(828) 285-7642
Harriett Greene,(638) 358-2922
Eunice Morales,(716) 234-7985
Dora Frank,(440) 456-1804
Chris Andrews,(456) 255-6608
Alta Collins,(963) 278-8607
Lawrence Hampton,(857) 314-4590
Blanche Romero,(273) 448-2819
Inez Wong,(577) 474-5220
Teresa Castro,(206) 894-9792
Jimmy Hampton,(827) 257-1651
Theresa Ramirez,(385) 637-8719
Hilda Brown,(283) 300-9996
Grace Vasquez,(841) 847-3580
Loretta Allison,(847) 939-4340
Luis Estrada,(352) 667-6700
Mario Burns,(506) 571-3633
Katherine Berry,(288) 241-5373
Dustin Evans,(474) 780-8778
Florence Potter,(943) 882-1054
Danny Shaw,(349) 856-3397
Bertha Russell,(969) 620-4552
Ricky Doyle,(417) 268-3607
Ronald Price,(954) 538-8100
Hettie Barnett,(555) 700-1391
Rosa Welch,(408) 211-2427
Jason King,(458) 737-2814
Leila Underwood,(471) 709-1066
Garrett Schneider,(831) 218-6114
Chad May,(327) 704-4460
Loretta Paul,(505) 872-4858
Lucas Torres,(959) 486-2027
Herman Castillo,(359) 212-5033
Cody Meyer,(206) 276-5015
Eunice Gonzales,(725) 515-4489
Roy Blake,(344) 609-9185
Beatrice Stokes,(209) 808-4109
Lucas Hicks,(481) 518-4361
Eddie Williams,(737) 210-7316
Jeremy Cummings,(712) 236-1241
Nell Brewer,(977) 772-8990
Marcus Hayes,(585) 402-6286
Willie Tucker,(620) 420-8367
Jack Marsh,(866) 951-6989
Verna Clark,(435) 532-9576
Gertrude Meyer,(341) 291-5131
Michael Logan,(708) 813-9083
Hattie Ellis,(756) 960-3491
Jim Cain,(665) 409-1175
Daniel Franklin,(515) 247-2934
Lola Klein,(360) 976-9488
Della Mitchell,(460) 868-8387
Bruce Lloyd,(242) 922-9128
Aaron Brady,(778) 203-9780
Ann Estrada,(424) 404-5664
Cynthia Becker,(511) 412-7987
Elizabeth Warner,(772) 719-9722
Myrtie Floyd,(734) 756-6178
Marcus Young,(609) 973-9653
Grace Clayton,(475) 773-7240
Louisa Burgess,(277) 640-5369
James Willis,(645) 629-8542
Claudia Stone,(908) 437-5475
Jerry Neal,(850) 713-3635
Ronnie Copeland,(851) 980-1095
Carolyn Cross,(302) 806-6286
Pauline Kennedy,(487) 228-6538
Blanche Vasquez,(822) 447-4914
Janie Ruiz,(780) 749-9544
Madge Price,(983) 376-4757
Rhoda Schultz,(851) 214-4421
Harvey Diaz,(840) 597-8845
Cory Powell,(889) 323-2946
Derek Stevens,(743) 365-9896
Susie Schneider,(728) 757-8274
Pearl Zimmerman,(439) 758-1879
Clayton Ball,(806) 695-3346
Beatrice Jones,(607) 571-4109
Trevor Klein,(843) 700-5898
Genevieve Parks,(364) 875-4316
Ruth Garza,(905) 495-2535
Tom Santos,(245) 272-6982
Theodore Freeman,(340) 414-5439
Melvin Jackson,(436) 488-8368
Emily Lamb,(881) 898-4625
Charlotte Sutton,(217) 249-7816
Rosetta Bradley,(577) 951-4549
Scott Herrera,(978) 713-7671
Jay Baldwin,(846) 913-1140
Lottie Benson,(476) 767-5489
Leona Jensen,(645) 448-7043
Lela Diaz,(856) 826-6539
Jayden Nichols,(363) 690-2671
Terry Carter,(850) 221-1522
Olga Scott,(972) 664-4921
Maria Miller,(378) 578-8733
Eliza Pittman,(223) 234-1149
Matilda Roy,(630) 227-8856
Miguel Newton,(447) 826-4750
Ronald Schneider,(902) 601-2006
Amelia Collier,(647) 225-3408
Troy Stone,(232) 835-5786
Joel Greene,(612) 486-1799
Dollie Houston,(265) 868-1094
Elsie Aguilar,(305) 651-5005
Terry Walters,(652) 822-3183
Victoria Delgado,(753) 591-5574
Connor Ruiz,(574) 655-6840
Susan Greer,(319) 357-1146
Wayne Roberts,(702) 867-6539
Eleanor McGuire,(974) 701-4694
Jackson Romero,(580) 503-9394
Alex King,(572) 362-7387
Dominic Christensen,(372) 802-4760
Bill Andrews,(827) 771-2969
Ronnie Vargas,(973) 823-6805
Helena Ferguson,(532) 377-1406
Tony Little,(622) 891-2775
Melvin Reynolds,(316) 886-4077
Hester Watson,(812) 350-1673
Phillip Pittman,(775) 526-7082
Mark Todd,(845) 507-6196
Manuel Webster,(539) 399-6386
Lloyd Francis,(646) 438-3694
Cory Lindsey,(926) 557-8499
Antonio Nguyen,(706) 938-5293
Melvin Black,(342) 282-5757
Nelle Hudson,(927) 827-4318
Gussie Welch,(466) 737-5927
Curtis Lindsey,(239) 600-6680
Patrick McGuire,(608) 514-8303
Lettie Harper,(383) 839-3794
Adeline Atkins,(487) 664-9485
Belle Barber,(430) 324-5793
Wesley Taylor,(468) 549-9104
Caleb Johnston,(280) 687-7606
Michael Byrd,(828) 898-3911
Myra Peters,(579) 491-7929
Lilly Poole,(982) 918-5622
Lizzie Buchanan,(856) 589-1966
Belle Holmes,(514) 766-7424
Virgie Rogers,(332) 859-9992
Gregory Ball,(585) 950-6856
Eva Greene,(723) 949-5077
Alta Wells,(640) 268-4286
Cody Taylor,(676) 782-8158
Isaac Riley,(325) 319-2049
Cordelia Webster,(768) 602-5313
Helen Ward,(468) 513-6550
Norman Cook,(319) 450-9823
Emily Floyd,(764) 289-6402
Claudia Curry,(652) 694-2006
Betty Jefferson,(637) 261-8172
James Sharp,(689) 440-2093
Eleanor Wagner,(306) 684-1071
Jeff Ross,(671) 720-6715
Myra Ryan,(979) 730-6530
Rosa McBride,(212) 816-1584
Hallie Fox,(869) 635-9753
Derrick Perez,(755) 332-1665
Sallie Andrews,(656) 894-1033
Walter Summers,(255) 847-7588
Edna Weber,(460) 693-1778
Sophie Barton,(467) 688-6738
Caleb Coleman,(365) 926-4581
Catherine Floyd,(813) 263-3465
Eliza Phelps,(856) 403-6462
Max Gutierrez,(241) 750-6328
Katherine Vaughn,(873) 335-1209
Dustin Rose,(866) 403-1004
Patrick Roy,(960) 206-6298
Nathaniel Patrick,(970) 756-4143
Tom Gilbert,(688) 659-3925
Lora Joseph,(421) 570-7353
Chester Ballard,(242) 499-4804
Jack Lyons,(756) 239-3380
Rebecca Lawrence,(882) 740-9577
Clifford Pittman,(271) 733-4877
Lela Bass,(340) 467-4152
Sarah Little,(908) 265-2789
Cora Wells,(776) 269-2779
Lucille Watts,(825) 673-1346
Ina Becker,(710) 371-8372
Dustin Shaw,(866) 795-1312
Johnny Harper,(408) 371-1195
Nathaniel McCoy,(365) 571-1572
Charles Greer,(356) 769-2275
Larry Poole,(511) 309-8143
Elsie Alvarez,(431) 559-3227
Lou Colon,(352) 696-7057
Millie Mason,(920) 610-8401
Addie Shelton,(479) 497-5600
Arthur Rodgers,(920) 441-1162
Sue Moran,(876) 295-5575
Charlie Griffin,(464) 475-9257
Seth Morton,(478) 918-7857
Lewis Silva,(439) 595-8988
Joe Miles,(855) 530-6577
Lucas Haynes,(667) 698-9819
Leonard Hernandez,(441) 483-1747
Charles Dean,(857) 917-6449
Michael Harmon,(630) 806-4699
Callie Jones,(635) 250-4061
Cole Allison,(485) 991-4589
Harold Pearson,(447) 486-9605
Emily Moss,(536) 382-6458
Johnny Terry,(681) 860-1528
Chad Pittman,(386) 452-6554
Clifford Larson,(223) 890-2778
Mae Waters,(739) 448-8493
Joseph Poole,(962) 789-3883
Irene Burke,(570) 794-4485
Sophie Benson,(288) 288-7056
Ethel Gross,(554) 868-6490
Eva Thomas,(612) 621-3108
Henrietta Quinn,(627) 426-2541
Belle Garcia,(301) 542-6711
Henry Wolfe,(745) 714-8404
Nathan Coleman,(400) 670-7930
Bettie Cooper,(415) 330-9573
Jared Shelton,(718) 824-4996
Bill Shelton,(330) 236-5840
Charles Vasquez,(624) 401-5424
Ethan Ross,(481) 597-7049
Daniel Abbott,(836) 454-5545
Nina Figueroa,(606) 417-5334
Susan Brewer,(761) 363-3010
Jeff Jacobs,(208) 989-4549
Lois Casey,(467) 495-2905
Gerald Edwards,(833) 798-9243
Rosa Robertson,(932) 601-2288
Cory Parsons,(701) 468-8796
Ralph May,(973) 891-6310
Lawrence Mullins,(286) 961-3558
Tillie Gilbert,(810) 233-5296
Tyler Mann,(475) 436-4036
Christina May,(933) 503-8986
Elnora Waters,(484) 533-4019
Isabel Santos,(341) 362-6900
Lucinda Bowers,(604) 383-8146
Milton Wilson,(548) 677-9830
Herbert Gomez,(611) 419-3028
Johanna Stevenson,(333) 838-9972
Calvin Hoffman,(925) 270-2098
Cameron Hampton,(262) 974-9409
Warren Larson,(427) 747-3778
Norman Robbins,(630) 573-3760
Bobby Stanley,(781) 619-5592
Christina Atkins,(741) 622-5922
Shane Murray,(482) 822-6892
Rosa Goodwin,(774) 558-9988
Marian Poole,(204) 819-9469
Rena Steele,(428) 482-3895
Ricardo Hanson,(602) 645-6094
Catherine Cain,(285) 475-2058
Brandon Hudson,(422) 463-3508
Herbert Lawson,(566) 882-1288
Beatrice Elliott,(732) 429-2036
Connor Dean,(758) 485-4213
Alberta Ramsey,(782) 623-7271
Emily Gray,(219) 519-2801
Luke Massey,(241) 822-7264
Clara Williams,(253) 572-2970
Dollie Harrison,(715) 861-2914
Mathilda Taylor,(683) 821-9727
Mattie Lowe,(415) 702-6850
Chester King,(377) 433-9609
Winnie Brewer,(257) 487-4479
Alejandro Hammond,(535) 964-9229
Hattie Bradley,(654) 962-1608
Aaron Chambers,(355) 855-3577
Douglas Carter,(773) 331-3429
Millie Osborne,(912) 903-7063
Anne Owen,(437) 887-8572
Rena Welch,(802) 328-2612
Rhoda Fuller,(471) 751-5802
Theresa Lawrence,(352) 513-2751
Virginia Mendoza,(738) 559-5744
Rosa Walker,(374) 810-9959
Marion Simpson,(779) 425-9512
Leah Hodges,(227) 824-9363
Lina Hamilton,(684) 230-9999
Allen Parsons,(675) 960-4413
Carl Bush,(385) 546-4219
Winifred Dawson,(254) 904-2117
Sallie Roberts,(345) 537-3054
Wesley Cross,(662) 861-9481
Henry Klein,(503) 449-4482
Raymond Chavez,(705) 895-6138
Ricardo Aguilar,(669) 311-9937
Barry Colon,(367) 787-9577
Max Moran,(554) 483-2135
Ann Wilson,(237) 654-8719
Sophia Foster,(675) 534-6245
Eric Abbott,(563) 235-5865
Jim Douglas,(558) 605-5362
Howard Hudson,(811) 811-3993
Violet Jackson,(932) 830-7530
Loretta Alexander,(307) 439-9055
Mayme Singleton,(208) 553-2187
Devin Padilla,(269) 366-8933
Cynthia Cox,(288) 400-4874
Mary Boyd,(523) 964-6279
Frederick Perez,(258) 697-2821
Isaac Jones,(578) 661-8456
Lenora Young,(784) 426-6280
Bobby Malone,(304) 920-3022
Ricky Gutierrez,(929) 452-9025
Wayne Townsend,(484) 742-3540
Dollie Goodwin,(281) 437-6708
Clayton Chavez,(839) 761-2965
Mike Morgan,(576) 816-4380
Maude Rodriguez,(305) 296-2641
Jean Hudson,(511) 922-4252
Ann James,(351) 966-5760
Rachel Medina,(304) 962-1426
Ronnie Davis,(415) 634-5484
Ruth Johnson,(920) 792-7524
Lela Tucker,(768) 460-5576
Robert Coleman,(200) 410-2963
Mattie Hogan,(654) 475-7917
Lewis Foster,(548) 579-3528
Martin Johnston,(252) 670-5077
Fannie Klein,(259) 665-8000
Frances Stokes,(568) 381-6710
Nannie Lindsey,(551) 268-7067
Katharine Benson,(567) 464-6300
Ada Obrien,(869) 625-2626
Loretta Rivera,(401) 806-3809
Erik McKenzie,(405) 595-4014
Jerry Barnes,(722) 290-6601
Millie Rowe,(765) 575-4750
Gene Douglas,(657) 620-1055
Adam Pierce,(431) 636-7820
Nina Baldwin,(384) 751-2484
Andre Underwood,(338) 731-6195
Devin Kelley,(928) 913-6088
Marion Ramsey,(868) 518-9643
Nelle Fleming,(282) 775-1511
Dylan Meyer,(864) 877-8639
Jesse Franklin,(937) 438-6041
Gerald Moore,(562) 758-1319
Minnie Hubbard,(754) 734-5073
Adelaide Turner,(753) 472-3667
Jason Olson,(533) 907-2487
Hunter Flowers,(337) 762-6213
Rachel Gutierrez,(815) 389-8103
Bettie Ball,(708) 312-9456
Leonard Cross,(265) 953-7808
Phoebe Mathis,(514) 595-3733
Cora Richards,(529) 490-9272
Mittie Sims,(279) 315-2932
Clarence Figueroa,(315) 407-1232
May Collins,(865) 206-8679
James Higgins,(753) 630-5935
Nell Elliott,(838) 270-5257
Miguel Hernandez,(882) 766-3477
Fred Ruiz,(506) 440-7464
Alice Richards,(259) 680-1096
Joseph Goodman,(263) 354-8698
Isaac Lewis,(316) 457-4811
Harold Clarke,(679) 961-5364
Florence Rios,(540) 248-4813
Nelle Davis,(723) 869-7703
Ola Edwards,(265) 441-1275
Luella Anderson,(376) 366-3029
Harriett Wagner,(977) 911-7202
Lucy Horton,(725) 830-3592
Mollie Cox,(669) 557-7584
Harriett King,(310) 701-1619
Derek Payne,(401) 664-9457
Carlos Norris,(570) 603-4401
John Cruz,(672) 508-2677
Lee Burke,(850) 433-8175
Delia Patterson,(581) 312-4074
Susie Thompson,(252) 799-3112
Ruby Henderson,(343) 981-3062
Florence Moran,(921) 344-2231
Janie Carter,(338) 626-7902
Matilda Stevens,(247) 292-5251
Harold Morris,(877) 854-1726
Floyd Berry,(433) 223-2613
Katie Griffin,(346) 673-1782
Eric Daniel,(352) 662-2150
Adele Estrada,(938) 312-7046
Rodney Walton,(331) 721-5241
Mabel Keller,(274) 246-2475
Seth Haynes,(385) 318-6652
Virgie Mitchell,(558) 320-6981
Aiden Morrison,(719) 293-3820
Keith Nichols,(260) 949-5791
Christina Shaw,(685) 920-1963
Florence Reeves,(559) 864-2278
Eugene Mack,(414) 749-4531
Joe Santos,(612) 557-4868
Adele Wolfe,(426) 266-9684
Mathilda Graham,(248) 293-3624
Inez Walton,(668) 646-9643
Nell Mann,(755) 537-3643
Antonio Wells,(517) 857-2366
Andre Graves,(609) 345-7223
Lula Maxwell,(559) 735-7151
Jeffery Robinson,(428) 372-1652
Raymond Crawford,(714) 606-7799
Lora Tyler,(825) 433-5268
Rodney Jimenez,(876) 222-2342
Lela Cannon,(904) 259-7642
Lou Long,(422) 447-7140
Emilie Brock,(372) 325-2516
Cecelia Mann,(214) 450-9281
Leon Lindsey,(636) 323-1553
Irene Carlson,(844) 894-9627
Inez Howell,(964) 650-8918
Gilbert Cunningham,(718) 667-5167
Esther Silva,(266) 911-8120
Timothy Caldwell,(483) 347-4579
Hilda Harper,(683) 256-7002
Jay Simmons,(223) 912-2539
Eugene Roberts,(574) 879-6206
Leo Anderson,(345) 935-5229
Georgie Edwards,(619) 575-2047
David Rodriguez,(435) 661-6914
Lester Jefferson,(918) 828-4104
Mae Ellis,(706) 901-5688
Carlos Norman,(527) 356-3185
Sara Garner,(801) 388-5701
Roger Maldonado,(810) 739-5047
Katie Davidson,(739) 226-8670
Lucinda Ellis,(362) 774-8684
Milton Houston,(626) 691-7669
Angel Marsh,(836) 485-6849
Miguel Cook,(377) 859-7072
Grace Baker,(623) 207-5717
Charles White,(870) 552-9802
Gary Perez,(828) 862-1516
Amanda Hill,(978) 506-2549
Ray Stevenson,(672) 485-7302
Henrietta Cohen,(603) 770-4939
Dylan Curry,(233) 461-1050
Ernest Frazier,(901) 941-5663
William Stephens,(203) 299-2063
Emily Francis,(314) 555-7964
Rachel Guzman,(328) 268-5401
Jerry Flowers,(442) 730-5415
Florence Palmer,(980) 338-7697
Glenn Arnold,(404) 916-5795
Julian Price,(703) 493-7856
Jared Carlson,(847) 658-9148
Hilda Alvarado,(371) 576-7236
Fanny Hayes,(884) 956-1058
Carl Butler,(478) 988-7938
Danny Bush,(712) 975-1883
Margaret Austin,(526) 742-8487
Leona Rose,(638) 724-9347
Michael Jordan,(401) 463-7636
Ella Potter,(522) 512-7946
Theresa Harmon,(786) 978-6253
Henry Lynch,(571) 465-8631
Thomas Goodman,(322) 216-5489
Cecelia Williamson,(202) 298-4755
Adeline Burns,(763) 241-9835
Evan Perez,(341) 933-3856
Bessie Zimmerman,(461) 530-5799
Eleanor Stanley,(903) 761-4824
Samuel Mack,(574) 882-4882
Clara Reynolds,(483) 752-4472
Lottie Gonzales,(556) 889-2711
Addie Clarke,(962) 784-7106
Nellie Hicks,(607) 610-5400
Gary Walsh,(943) 329-1153
Roy Adkins,(812) 420-5402
Sallie Jacobs,(351) 826-5233
Victor Hill,(953) 549-1624
Devin Lambert,(264) 294-8270
Alejandro Dunn,(869) 222-5349
Birdie Day,(558) 666-5113
Sallie Guerrero,(836) 799-2309
David Joseph,(906) 392-2883
Chester Wilson,(246) 691-8159
Lawrence Adams,(552) 223-7467
Katherine Hicks,(922) 707-7972
Susie Dean,(312) 951-4028
Danny Walker,(675) 579-1885
Elnora Ball,(524) 568-6893
Helen Blair,(362) 208-3407
Francis Bush,(304) 427-4689
Mattie Brewer,(784) 975-5979
Craig Leonard,(887) 242-9656
Alexander Morgan,(936) 685-7922
Derek Gonzales,(348) 927-9900
Shane Parker,(574) 687-5445
Cory Reynolds,(551) 874-1003
Joel Rodgers,(763) 842-3831
Madge Clarke,(209) 999-9383
Maurice Garza,(235) 346-7785
Chris Walton,(560) 882-9270
Stella Brown,(817) 821-5922
Lula Fisher,(878) 882-6668
Jerry Scott,(780) 894-6103
Douglas Wilkins,(588) 975-7125
Terry Farmer,(545) 504-6528
Bernice Knight,(775) 530-6394
Devin Robbins,(978) 866-9238
Gertrude Warner,(354) 489-8564
Darrell Vargas,(545) 201-3884
Lida Adkins,(374) 253-5177
Alberta Hall,(533) 606-4929
Ethel Tucker,(833) 369-2755
Phoebe Lloyd,(812) 202-1748
Seth Conner,(225) 263-1119
Lucy Austin,(248) 338-4895
Shane Roberts,(551) 317-7149
Catherine Mullins,(329) 393-8274
Fred Fox,(304) 241-4906
Louise Francis,(686) 431-5150
Ella Hanson,(200) 934-7314
Bernard Welch,(218) 740-8293
Isaiah Hogan,(316) 866-7849
Willie Robbins,(941) 672-6796
Violet Luna,(607) 206-7165
Jennie Thomas,(908) 695-7991
Terry Edwards,(936) 284-6853
Rosie Hernandez,(474) 718-7762
Devin Ruiz,(304) 247-6507
Grace Brewer,(927) 787-8875
Don Pierce,(763) 406-6223
Peter Brady,(518) 271-6486
Noah Huff,(847) 280-2215
Leo Bass,(504) 677-5799
Jean Hudson,(487) 404-4119
Calvin Riley,(855) 651-8951
Tony Ramsey,(559) 946-4638
Ricardo Fitzgerald,(748) 285-2590
Mathilda Ray,(972) 336-5390
Christine Bowman,(666) 576-4385
Hilda Simmons,(722) 656-4684
Nicholas Christensen,(650) 859-8731
Ethel Hanson,(724) 340-2635
Eunice Munoz,(549) 961-1402
Duane Fernandez,(366) 746-5840
George Walker,(337) 424-8055
Lina Arnold,(952) 594-3473
Lily Norman,(333) 844-7114
Esther Adams,(642) 440-7836
Jason Poole,(327) 967-1942
Margaret Neal,(545) 612-5276
Robert Gregory,(285) 333-3430
Luella Luna,(464) 312-3458
Derek Price,(522) 551-4618
Nancy Holloway,(259) 375-5973
Martin Davis,(306) 836-8666
Lucinda Fisher,(601) 578-5906
Katherine Simmons,(904) 298-8001
Raymond Williams,(866) 800-4914
Virgie Cunningham,(587) 840-6172
Nelle Welch,(483) 228-1546
Daniel Casey,(812) 781-8053
Tyler Brock,(781) 259-3215
Jackson Brown,(221) 878-8958
Connor Reese,(854) 352-1492
Etta McCormick,(462) 606-4457
Luis Gibson,(322) 720-1913
Micheal Stevenson,(748) 490-6387
Benjamin Patton,(501) 896-8790
Johanna Rivera,(632) 571-7335
Jacob Burgess,(407) 751-6726
Lucas Parsons,(504) 598-6285
Kevin Ramsey,(561) 313-6446
Herman McCarthy,(920) 813-9509
James Lindsey,(616) 347-2085
Robert Weber,(683) 492-6311
Clyde Wilson,(260) 463-7485
Jay Henry,(565) 925-5459
Dominic Waters,(975) 763-6350
Walter Fowler,(845) 757-6845
Myrtle Jennings,(987) 576-7899
Maude Fields,(455) 474-8841
Lois Edwards,(682) 989-3164
Christina Peters,(614) 665-4573
Gary Bowman,(405) 857-2845
Inez Brooks,(242) 594-4135
Theodore Valdez,(564) 577-9987
Daisy Anderson,(710) 297-9749
Leon Burns,(962) 939-6203
Lloyd Daniels,(477) 862-1977
Augusta Fox,(820) 531-4209
Billy Dean,(934) 507-3877
Leroy Potter,(833) 889-8384
Henrietta Goodwin,(277) 393-4149
Lora Cohen,(967) 940-7114
Laura Page,(481) 409-1481
Herman Matthews,(856) 836-8117
Katie Malone,(376) 958-6103
Jorge Oliver,(835) 996-8058
Johnny Wagner,(289) 256-7613
Matilda Jordan,(922) 288-1456
Claudia Graves,(463) 647-2875
Charlotte Barber,(776) 864-1922
Anthony Banks,(326) 542-7452
Sallie Hunter,(605) 747-1075
Leah McKenzie,(732) 373-3238
Adelaide Moreno,(253) 971-5733
Brett Mason,(560) 803-7866
Viola Griffin,(339) 994-3406
Cecelia Singleton,(661) 677-9224
Susie Fuller,(483) 654-9296
Eddie Joseph,(351) 607-4707
Georgie Moran,(983) 417-5041
Mable Holland,(270) 942-5151
Travis Nichols,(804) 590-6104
Steven Sutton,(963) 622-9770
Josephine Ray,(450) 346-4616
Lucy Singleton,(686) 814-3139
Mike Frazier,(779) 527-6367
Troy Simpson,(208) 256-9277
Gordon Patterson,(828) 426-8480
Cornelia Schmidt,(870) 834-3967
Della Cox,(851) 578-1524
Connor Castillo,(826) 214-3568
Hilda Douglas,(803) 782-9228
Fanny Wolfe,(429) 293-1295
Kate Garner,(962) 944-8301
Travis Flowers,(414) 717-7133
Ethel Nelson,(569) 582-9782
Kathryn Bowen,(455) 443-5573
Annie Warren,(353) 883-6642
Raymond Cohen,(658) 429-8050
Derrick Thornton,(357) 630-7537
Bradley Harrison,(305) 360-6491
Victor Walters,(851) 439-6898
Lillian Massey,(659) 570-8929
Leroy Ryan,(384) 562-7278
Derrick Farmer,(379) 703-7638
Bill Garcia,(572) 837-1535
Nettie Christensen,(527) 340-1834
Esther Marsh,(646) 247-9063
Sophia Bass,(202) 430-9589
Jeffrey Berry,(265) 895-9690
Clyde Sutton,(818) 739-8275
Madge Bush,(289) 840-3826
Landon Foster,(446) 516-9678
Adelaide Pratt,(903) 403-2870
Madge Clayton,(454) 906-7997
Susan Abbott,(471) 561-2578
Hallie Curtis,(966) 409-7100
Marie Vaughn,(713) 295-1209
Olive Fuller,(911) 468-1892
Nicholas Rose,(338) 841-7992
Matthew Briggs,(669) 496-4160
Christopher Fleming,(948) 660-6037
Fannie Vega,(440) 438-1601
Gavin Wagner,(356) 819-6648
Fannie Kelley,(419) 533-5517
Blanche Hernandez,(860) 852-6864
Eugene Sandoval,(447) 833-8267
Lilly Luna,(301) 650-3129
Anthony Moss,(974) 489-1801
Ivan Strickland,(486) 670-3377
Jonathan Nelson,(884) 514-2292
Maude Massey,(982) 271-3414
Sophie Carpenter,(727) 758-6955
Linnie Butler,(958) 273-9660
Isabelle Abbott,(826) 958-4624
Louise Wright,(905) 282-1090
Milton Russell,(760) 370-1916
Alma Lewis,(244) 823-8953
Caroline Bass,(886) 354-9449
Lura Hanson,(567) 374-1042
Bryan Hawkins,(821) 753-4889
Curtis Burke,(708) 768-4074
Marie Hammond,(854) 641-9264
Richard Sandoval,(212) 551-4282
Daniel Morris,(256) 796-2293
May Moore,(228) 565-6598
Willie Sandoval,(566) 638-2632
Carlos McCormick,(941) 270-9677
Joshua Douglas,(500) 291-4111
Dora Berry,(833) 512-1012
Johnny Kim,(603) 870-2886
Lewis Jacobs,(484) 794-4167
Mollie Frank,(253) 479-4148
Leila Phelps,(301) 648-3271
Ian Hawkins,(206) 848-5144
Lola Riley,(728) 808-2962
Herman Hogan,(987) 697-4596
Mayme Mack,(938) 968-7923
Mark Tran,(661) 438-9248
Bradley Flowers,(720) 593-1508
Victor Williams,(265) 655-5691
Antonio Clark,(648) 501-6218
Kyle Summers,(621) 979-7712
Phillip Alvarez,(410) 414-8306
Nathan Castro,(311) 299-3717
Garrett Estrada,(305) 952-4034
Lucinda Barber,(705) 530-5059
Susan Christensen,(549) 769-9511
Alejandro Wright,(345) 548-2356
Isaac Patrick,(674) 326-9915
Alberta Sanders,(931) 656-9160
Susan Clarke,(683) 248-7998
Tillie Lewis,(581) 642-1436
Hunter McCarthy,(734) 409-4785
Derek Kim,(968) 388-7103
Sara Tyler,(332) 822-7858
Don Hampton,(232) 204-4867
Susan Reeves,(657) 311-6880
Jerome Higgins,(880) 411-6786
Landon Sanchez,(918) 389-6933
Blake Powers,(505) 969-5778
Gavin Jackson,(362) 841-5992
Viola Herrera,(511) 386-1611
Arthur Ball,(962) 620-9841
Adrian Alvarado,(228) 487-9128
Marcus Kennedy,(913) 432-7945
Mary Dunn,(548) 347-6694
Rachel Curry,(906) 232-1435
Rhoda Porter,(477) 352-8674
Sarah Cooper,(230) 502-3683
Eddie Barton,(239) 235-8687
Lora Kim,(359) 736-3079
Carlos Carson,(546) 285-3888
Lela Smith,(220) 823-5276
Aiden Henderson,(850) 670-8072
Glenn Parker,(759) 362-3843
Chad Ward,(285) 923-5927
Maud Rice,(780) 298-4713
Roger Green,(872) 617-2737
